,time,Npas2,Per2,Cry2,Fbxo3,Rorc,Ciart,Per3,Clock,Fbxo21,Bhlhe41,Arntl2,Dbp,Arntl,Rora,Cry1,Per1,Hlf,Nr1d1,Csnk1d,Nampt,Nfil3,Nr1d2,Csnk1e,Tef,Csnk1a1
0,0.0,-11.232006776471625,-10.581177891646757,-10.649105171034401,-9.786327486655559,-16.90656097829948,-14.114391022367899,-11.649999553562173,-9.555963617790491,-11.135131814751855,-11.162163397544463,-12.977767016084035,-12.18584078477079,-11.535324994719758,-9.034242906220484,-11.252166071376493,-10.950983469248495,-10.41271520953699,-11.261587663552245,-9.933691126211684,-10.257708274316112,-9.295787784751226,-11.550284104827849,-9.915283763612605,-10.5429518228346,-8.01998212285199
1,0.48484848484848486,-11.242462222191127,-10.571937771645066,-10.648513491054194,-9.786271353939956,-16.843511137803873,-14.123739551563453,-11.638539090948433,-9.558071504652837,-11.139897225300892,-11.167114189608801,-12.979402591461234,-12.22466454007483,-11.538885727161514,-9.033376728178474,-11.240234635157469,-10.950295265782849,-10.406400948127386,-11.33226293251632,-9.93342481612915,-10.251877344692877,-9.288465413243204,-11.569433467567531,-9.917152138664237,-10.537361389703664,-8.020654436792137
2,0.9696969696969697,-11.258133634527864,-10.5602598301476,-10.647055124572555,-9.786236192454625,-16.782552931337946,-14.124582118432187,-11.619215395402438,-9.56158726187236,-11.144502325667894,-11.169248702739138,-12.981149017561258,-12.247968833482,-11.550212835080252,-9.032722446429004,-11.228596059607067,-10.94703136166113,-10.395933510233325,-11.39648765748908,-9.933164517417811,-10.244407795408529,-9.285503118361062,-11.579921123137094,-9.918570246349827,-10.525339811513817,-8.021402979509274
3,1.4545454545454546,-11.278768854590924,-10.546331969604559,-10.644753537252095,-9.78622256796103,-16.72466719926273,-14.116905165757776,-11.59233939241913,-9.566454319599316,-11.148873018064087,-11.168532591820172,-12.982978193734406,-12.255378690187683,-11.569124061069388,-9.032290588610348,-11.217437613762659,-10.941244274322464,-10.381481320848884,-11.453228438603935,-9.932914418381372,-10.23541981430719,-9.286948564538358,-11.58157832123249,-9.919515268785862,-10.507080519958276,-8.022215706670872
4,1.9393939393939394,-11.304035853964937,-10.53037829450581,-10.641645762494372,-9.78623069968237,-16.670785344676172,-14.100832218582534,-11.558343526947223,-9.572594365052952,-11.152938976412702,-11.164977379344661,-12.984860687851317,-12.246774882823694,-11.595315116423558,-9.032088103476465,-11.206938841194916,-10.933027120168456,-10.363276921111272,-11.50157229545249,-9.93267854320695,-10.225058021369332,-9.292778494005013,-11.574378396916012,-9.919972000207588,-10.482877313873322,-8.023079541192667
5,2.4242424242424243,-11.333528077171568,-10.512655505455768,-10.637781805558598,-9.786260456776208,-16.62177434678862,-14.076621896643227,-11.517774805188122,-9.579908602603464,-11.156634777921866,-11.158640270012187,-12.986766209876965,-12.222295849871252,-11.628364577257795,-9.032118249088962,-11.197268671084547,-10.92251211628544,-10.341613226626869,-11.540741357281092,-9.9324606872144,-10.213489141722137,-9.302899101013542,-11.55843719966512,-9.919933091635457,-10.453119631905052,-8.023980583653836
6,2.909090909090909,-11.366770983299348,-10.49344876876457,-10.633223838958298,-9.786311360439765,-16.578422810902776,-14.044663753082714,-11.471285993061361,-9.588279343430662,-11.159900955761811,-11.149623230284133,-12.988664099248643,-12.182335468134005,-11.667740665375597,-9.032380540393646,-11.188582700088544,-10.909868453022066,-10.316838814349486,-11.570105379222435,-9.932264355788194,-10.200899322969809,-9.317147541208646,-11.534011229310982,-9.91939916912296,-10.418286286295778,-8.024904335943885
7,3.393939393939394,-11.40322968154459,-10.47306712801539,-10.62804520208229,-9.786382591614036,-16.541428279459197,-14.005472006394045,-11.41962511295661,-9.59757189918115,-11.162684955908443,-11.138071347705147,-12.99052381821591,-12.12753671511281,-11.71280980477916,-9.03287075702524,-11.181020688731724,-10.895299571653249,-10.289352313846678,-11.589191883171399,-9.932092707974471,-10.187491140008923,-9.335294551853845,-11.501493508860177,-9.918378823683192,-10.378937758615816,-8.025835934542672
8,3.878787878787879,-11.44231753780463,-10.451838531437522,-10.622329221136475,-9.786473004162763,-16.511386008317277,-13.959677266452417,-11.363623407773403,-9.607636749154338,-11.16494198275724,-11.124170496390239,-12.99231544320442,-12.058781323257062,-11.762846816144378,-9.033581011214634,-11.174704312607572,-10.879039890933905,-10.259595993200788,-11.597693760134634,-9.931948505650812,-10.173480335522518,-9.357048140754738,-11.461407260607388,-9.916888473056229,-10.335707181405198,-8.026760389680005
9,4.363636363636363,-11.483405613840162,-10.430104555096577,-10.61616786839398,-9.786581143314194,-16.488779388865666,-13.908016387766217,-11.304181965911729,-9.618311946146502,-11.166635719901313,-11.108144346240689,-12.99401014629743,-11.977175592559497,-11.817046585227605,-9.034499874706047,-11.169735204572385,-10.861351035213431,-10.228048642749943,-11.595474211729222,-9.931834069086584,-10.159092348599561,-9.382058284522703,-11.414397487292828,-9.91495209754156,-10.289290150834109,-8.02766282652667
10,4.848484848484849,-11.525832787126928,-10.408214906807745,-10.609660282326864,-9.7867052690689,-16.473972170073875,-13.851320613212163,-11.242257222422355,-9.6294257222419,-11.167738914475986,-11.090250764011605,-12.995580659087784,-11.8840325897752,-11.874537017455237,-9.035612562641935,-11.16619331943458,-10.84251762480199,-10.195217871172282,-11.582568951319871,-9.931751239608943,-10.144558687335621,-9.409922560582258,-11.361220593766689,-9.912600854146072,-10.240433534300116,-8.028528724535986
11,5.333333333333334,-11.568916388564624,-10.386521799206129,-10.602911172430986,-9.786843384197025,-16.467202605635162,-13.790502199026232,-11.178845569608837,-9.640799252622843,-11.168233815667582,-11.07077766413931,-12.99700171143678,-11.780851020685976,-11.934393070251854,-9.036901171456888,-11.164135647451886,-10.82284269632317,-10.161631937872308,-11.5591856293775,-9.93170134997519,-10.130113203780944,-9.440192622300934,-11.302732216151961,-9.909872575256161,-10.18992345305216,-8.029344151084844
12,5.818181818181818,-11.61196318687827,-10.365374282513603,-10.59602913441102,-9.786993266374454,-16.468579620375465,-13.726539736259344,-11.114967324702363,-9.652249532927954,-11.168112460330669,-11.050038376090278,-12.99825043808017,-11.669291115363293,-11.995651637321542,-9.038344966952698,-11.163595297336771,-10.802642826741273,-10.12783125308932,-11.525700492305438,-9.93168520292821,-10.11598833117342,-9.472381413054434,-11.239873454338912,-9.906811159900464,-10.138572633205381,-8.030095985654828
13,6.303030303030303,-11.65428054296893,-10.345112628190076,-10.589124902834921,-9.787152503940845,-16.478081057612137,-13.660462404881025,-11.051650312575553,-9.663592323860842,-11.167376801118044,-11.028366602772728,-12.999306746538815,-11.551147914444952,-12.05732704538871,-9.039920717919367,-11.16458096352486,-10.782243039519463,-10.094359682494376,-11.482652328493947,-9.93170305828003,-10.102411344000787,-9.505971003150028,-11.173655729335563,-9.90346586739806,-10.087207328673701,-8.030772130946266
14,6.787878787878788,-11.695187554736094,-10.32606285383833,-10.582309569373267,-9.787318534704147,-16.495554035663286,-13.59333341388844,-10.989913327655524,-9.674645115669355,-11.166038675061825,-11.006111051131919,-13.000153640414197,-11.428322386259268,-12.118426914050088,-9.04160306993398,-11.167076786278216,-10.761971574870563,-10.06175579618804,-11.430733799013336,-9.931754628731358,-10.089600701069042,-9.540420923509211,-11.105144509125054,-9.899890524757582,-10.03665402643504,-8.03136170752831
15,7.272727272727273,-11.734026013047362,-10.308531477458748,-10.575692795292698,-9.787488687167228,-16.52071740777127,-13.526232893875612,-10.93074974114016,-9.68523006479581,-11.164119613111168,-10.98362982132486,-13.000777492866838,-11.302790839533056,-12.177968123546885,-9.043364953322852,-11.171042606874453,-10.742154608249157,-10.030544202905867,-11.370780292438045,-9.931839084494326,-10.077762530418472,-9.57517686201747,-11.035442164886957,-9.896142660580509,-9.98772614804646,-8.031855228893056
16,7.757575757575758,-11.77017099256978,-10.292800585459943,-10.569381046965079,-9.78766022351326,-16.55316628585924,-13.460240517327852,-10.875111517283697,-9.69517685544641,-11.16165049369124,-10.96128464475473,-13.001168265877244,-11.176573123844426,-12.234992633529735,-9.045178018722716,-11.17641461377562,-10.72311100206644,-10.001227108867468,-11.303756483131776,-9.931955066644093,-10.067087312646327,-9.609679582613726,-10.965670233432323,-9.892282579404414,-9.941210961386819,-8.032244754097
17,8.242424242424242,-11.803040907052374,-10.279123293782854,-10.563475882783736,-9.787830383658223,-16.592378555331916,-13.396418126287298,-10.823893895935509,-9.70432544003612,-11.15867104585779,-10.939435063677207,-13.001319671761392,-11.051700129486944,-12.28858289828655,-9.047013093232588,-11.183106369379727,-10.705147175074643,-9.974276237090434,-11.230740809275847,-9.932100708984452,-10.057746816002703,-9.643373923607893,-10.896951371256574,-9.8883723913804,-9.89785691322189,-8.032524015533797
18,8.727272727272727,-11.832106867266653,-10.267719675170502,-10.558072319050874,-9.787996429661689,-16.637723276094817,-13.33579264691696,-10.777920987795813,-9.712528614414227,-11.155229210041783,-10.91843264603096,-13.001229274341933,-10.930181109684582,-12.337876630396499,-9.048840649816663,-11.191010200834127,-10.688552171974615,-9.950125237190404,-11.152908120395175,-9.932273668075629,-10.049891332575106,-9.675717730440288,-10.830391290576225,-9.884475012897505,-9.858361586415734,-8.03268851978239
19,9.212121212121213,-11.85690119103226,-10.25877321811517,-10.553257301129715,-9.788155689781304,-16.688470834616595,-13.279339565874357,-10.737932514166,-9.71965438643422,-11.15138036666991,-10.89861532857793,-13.000898528147184,-10.813971350955196,-12.382080675257395,-9.050631282405382,-11.199998932532004,-10.673593012578383,-9.929162707796415,-11.071510773589614,-9.9324711609411,-10.043647260032493,-9.706190579151448,-10.76706096800542,-9.88065315423446,-9.823360475561278,-8.03273561990784
20,9.696969696969697,-11.877024928398342,-10.252427874459881,-10.549108304461061,-9.788305601462126,-16.743804683683873,-13.227967234366018,-10.704571904555996,-9.72558809975685,-11.147186445072792,-10.880301979374321,-13.00033275500723,-10.704940711818518,-12.420483773240154,-9.052356179050086,-11.209927932415518,-10.66051039536042,-9.911725943853499,-10.98785848263942,-9.932690009846732,-10.039115067839472,-9.734302150198452,-10.707979412141297,-9.876968310527818,-9.793416761634433,-8.032664558051495
21,10.181818181818182,-11.89215428089759,-10.248785743159356,-10.545692087954436,-9.78844375256909,-16.80283448095158,-13.18250225243655,-10.678375943662584,-9.730234278713539,-11.142714927018874,-10.86378726706421,-12.999541058423683,-10.604843536072611,-12.45246800412248,-9.053987585518072,-11.220637439159734,-10.649514824529088,-9.898095509420745,-10.903297244220242,-9.932926693431709,-10.036367680664998,-9.759600117879915,-10.6540972673342,-9.873479772292201,-9.76901225020136,-8.032476477625227
22,10.666666666666668,-11.90204581158479,-10.24790542746961,-10.543063619812251,-9.788567920199176,-16.864610414884556,-13.143676168664484,-10.659766134302693,-9.73351816454563,-11.138037760907503,-10.849336919550753,-12.998536177090934,-10.515290424745446,-12.47751872965655,-9.055499251868568,-11.231955132792159,-10.640783222935129,-9.888490723290573,-10.819187680312771,-9.933177403368548,-10.035449304997167,-9.78167742842584,-10.606281517464234,-9.870243671413713,-9.750539618986567,-8.0321744049135
23,11.151515151515152,-11.906540362028409,-10.249801091999625,-10.541265193070855,-9.78867610644873,-16.92813848758071,-13.112113709271814,-10.64904191527529,-9.7353869183008,-11.133230204092257,-10.837183448334766,-12.997334279925793,-10.437722320921448,-12.495232874291071,-9.05686685482412,-11.243698907385598,-10.634456085316764,-9.883066130067256,-10.736883145285715,-9.933438105640516,-10.036374717844255,-9.800178849645159,-10.56530153584608,-9.867312077966885,-9.738296099541314,-8.031763200379322
24,11.636363636363637,-11.905565613229323,-10.254442234797494,-10.540325745089735,-9.788766570560501,-16.992396508569367,-13.0883227260452,-10.646375843279014,-9.735810471031584,-11.128369611961944,-10.827522407317623,-12.995954705903564,-10.373387324427863,-12.50532541080779,-9.058068389141228,-11.2556798012107,-10.63063521768676,-9.881909013486394,-10.657707949917409,-9.933704605450465,-10.039129028967134,-9.814806686744658,-10.531816705724355,-9.864732162387684,-9.732478694676693,-8.031249480457577
25,12.121212121212121,-11.8991372492606,-10.261754178138244,-10.540260391938578,-9.788837856933064,-17.056350542238576,-13.072686024810645,-10.651810816410297,-9.734782007615989,-11.123534193263447,-10.820509246265791,-12.994419652886693,-10.323320609441334,-12.507633946516128,-9.05908452168295,-11.267705037200908,-10.629382099235585,-9.885037991986923,-10.582936052739642,-9.933972614716694,-10.043667920468792,-9.825325572349646,-10.506365810550374,-9.862545436483543,-9.733181008614658,-8.030641511094114
26,12.606060606060606,-11.887358704904875,-10.271619270116375,-10.541070185174052,-9.788888818542002,-17.118971544246143,-13.065455205944428,-10.665259383916938,-9.732318076415366,-11.118801751693708,-10.816256809565887,-12.99275382045285,-10.288327768147889,-12.502121336212365,-9.05989890249631,-11.279581124807633,-10.630716893108206,-9.892402719133475,-10.513770561568004,-9.93423782106978,-10.049918359885888,-9.831566253653119,-10.489358364754734,-9.860787085492833,-9.740391740861039,-8.029949074743575
27,13.090909090909092,-11.870419501349996,-10.283878777709083,-10.54274209491986,-9.788918635395948,-17.179251919228328,-13.066746616028878,-10.686505153313439,-9.728458323005077,-11.11424843400912,-10.814833520516265,-12.990984012469479,-10.268971848463105,-12.48887627985987,-9.060498427889168,-11.291116973335605,-10.63461812197155,-9.903884693709362,-10.451324375046743,-9.93449595724023,-10.057779775308422,-9.833428315756771,-10.481068024506829,-9.859485401941212,-9.753994868034741,-8.029183312966046
28,13.575757575757576,-11.848592196722157,-10.298335440849991,-10.545249219522331,-9.788926827730561,-17.236221733386397,-13.076539475792313,-10.715206272217104,-9.723264852262348,-11.10994750479571,-10.816262280370523,-12.989138705809541,-10.265564294380372,-12.468111895373488,-9.060873451273528,-11.3021269666637,-10.641023013592825,-9.91929916644551,-10.396602275692992,-9.934742869720425,-10.067125673619412,-9.830881797384318,-10.481628184484638,-9.8586613304043,-9.773771510727364,-8.028356547155182
29,14.06060606060606,-11.822228000523614,-10.31475664641748,-10.5485512184081,-9.788913263728112,-17.288964321084567,-13.094676214455296,-10.75090092888084,-9.716821229075544,-11.105968167614522,-10.820520099847768,-12.987247592147963,-10.278159934720462,-12.440162289472513,-9.061017938382749,-11.312433949877805,-10.64982851086825,-9.93839811270537,-10.350484762569936,-9.934974585596136,-10.077805675816508,-9.823967672969632,-10.49102983150443,-9.858328130501603,-9.799403455354831,-8.027482080282368
30,14.545454545454547,-11.791751122540337,-10.332878171066882,-10.55259496117903,-9.788878161638477,-17.336631034343192,-13.120865005103463,-10.79301478291705,-9.709231133753839,-11.102374451490423,-10.827538469038744,-12.985341100211476,-10.306556100915268,-12.4054771817785,-9.060929564365159,-11.321872079759704,-10.660892930050423,-9.960874223294148,-10.313713883727283,-9.935187376472177,-10.089647936666424,-9.812797193362766,-10.50912168954626,-9.858491163544286,-9.83047827433306,-8.026573982846939
31,15.030303030303031,-11.75765194714774,-10.352408432683006,-10.557315382500208,-9.788822086267418,-17.378454897902458,-13.154684460291811,-10.840870206649454,-9.70061669377222,-11.099224180661114,-10.837204459755926,-12.983449906169014,-10.350295888020943,-12.364614668658213,-9.06060975119178,-11.330289493266545,-10.67403824049287,-9.986365849178801,-10.286881296370364,-9.9353778184637,-10.10246190975907,-9.797550095762134,-10.535612653841758,-9.859147806269666,-9.866495962192195,-8.025646866476562
32,15.515151515151516,-11.720479142842525,-10.373033182045518,-10.562636529025543,-9.788745939888646,-17.413762950141425,-13.195590412326442,-10.893697188396077,-9.69111651869471,-11.096568044163506,-10.84936254259032,-12.981604440040664,-10.408675506489473,-12.31823224324417,-9.06006364477629,-11.33755075106404,-10.689052929229774,-10.01446282055635,-10.270418746874217,-9.93554284728777,-10.116041413470624,-9.778471711675705,-10.570076474858821,-9.860287493050482,-9.906876980851779,-8.024715648820694
33,16.0,-11.680830833961165,-10.394420559216542,-10.56847278151553,-9.7886509477259,-17.4419870712824,-13.242924669126449,-10.950645722245447,-9.680883469894585,-11.09444878022814,-10.863817089437884,-12.979834396067261,-10.480755606405964,-12.267076216124003,-9.059300032175347,-11.34353901679606,-10.705695404298787,-10.044713046639556,-10.264591123822804,-9.935679807568834,-10.130167948503038,-9.755869019445202,-10.611958616816153,-9.861891885899801,-9.95097158460541,-8.023795313520006
34,16.484848484848484,-11.639344976635451,-10.416226433291278,-10.574730232482873,-9.788538638238638,-17.46267312465086,-13.295925604780887,-11.010799484969903,-9.670082200957662,-11.092900488605057,-10.88033552122895,-12.978168254918932,-10.565376391980415,-12.211969706923743,-9.058331200201545,-11.34815793702534,-10.723697882046128,-10.076629789966915,-10.269492195852521,-9.935786495564695,-10.144614213619535,-9.73010570484967,-10.66058518037157,-9.863935169536093,-9.998070274772394,-8.022900669114005
35,16.96969696969697,-11.596689093839503,-10.438099939593089,-10.581308197199101,-9.788410818528552,-17.475488263904516,-13.353740414394794,-11.073190580009346,-9.658886508344466,-11.09194808188606,-10.898652050212513,-12.976632825430455,-10.661176283096117,-12.153799400004903,-9.057172737724015,-11.35133319159635,-10.742770695865824,-10.10969949819063,-10.285043102879753,-9.935861194625568,-10.1591477630066,-9.701596309265147,-10.715173745914669,-9.866384466760772,-10.04741521579709,-8.022046110766084
36,17.454545454545453,-11.553549534695243,-10.459689125217484,-10.58810083374955,-9.788269545262626,-17.48022628865558,-13.415438836039176,-11.13681511128921,-9.647476534940122,-11.091606884651778,-10.918471956580653,-12.975252813237068,-10.766613823643443,-12.09350127738119,-9.055843284837676,-11.353013689474423,-10.76260695704383,-10.143390067326118,-10.310993624989129,-9.935902702815596,-10.173534746414125,-9.670799559538752,-10.77484596299127,-9.869200367464627,-10.098212429106706,-8.021245388639954
37,17.93939393939394,-11.510620430858093,-10.480646612086105,-10.594998846069373,-9.788117091580592,-17.476810962312182,-13.480028119013687,-11.20064933628409,-9.636035871487897,-11.091882386893433,-10.939476330620549,-12.974050423251557,-10.879992484125664,-12.03204555841752,-9.05436423293714,-11.353172390819626,-10.78288749271232,-10.177159403504316,-10.34692620856563,-9.935910352252467,-10.187543671893488,-9.638210986901989,-10.838641683291005,-9.872337562751229,-10.149644568523742,-8.020511386654366
38,18.424242424242426,-11.468592527678808,-10.500635186390044,-10.601891242558159,-9.787955910519264,-17.465297238753678,-13.546468997577017,-11.263666138418223,-9.624748602545417,-11.092770155676828,-10.961327204091155,-12.973045002378885,-10.999487959453633,-11.970421088637258,-9.052759380521145,-11.351806742067907,-10.803285981460599,-10.210464145464957,-10.39226268488857,-9.935884019853876,-10.200949130589644,-9.604354953687736,-10.905534409793063,-9.875745573974049,-10.200884071671952,-8.019855915176032
39,18.90909090909091,-11.428142069852203,-10.51933322448626,-10.608667121976309,-9.787788595542253,-17.445870378102146,-13.613692413121708,-11.324851553755657,-9.613796344495222,-11.09425590646991,-10.983672988258713,-12.972252728217267,-11.123177522697578,-11.90961942882757,-9.051054550265828,-11.348938717018898,-10.823474203968772,-10.242768407442648,-10.446273573082722,-9.935824129317975,-10.213535423653996,-9.569776216144026,-10.97444781348751,-9.879369564956757,-10.25110647576477,-8.019289520986407
40,19.393939393939394,-11.389919920386864,-10.53643986794239,-10.615217457887514,-9.787617838810172,-17.4188429658177,-13.680616715727341,-11.383221086059562,-9.603355323269197,-11.096315732986247,-11.006154131091074,-12.971686348754538,-11.249070962483149,-11.850618900455196,-9.049277173528177,-11.344614463269245,-10.843127324179457,-10.273552401769445,-10.508089817738696,-9.935731644305905,-10.225100032919602,-9.535031159102086,-11.044273051911967,-9.883151224327849,-10.299503683520165,-8.018821317580027
41,19.87878787878788,-11.35454108797571,-10.551679864461551,-10.621436852934924,-9.787446387862763,-17.384649883081387,-13.746165068312655,-11.437835547705212,-9.593593538807337,-11.098916491846117,-11.028408902584518,-12.971354977248273,-11.375142606237446,-11.794368844107806,-9.047455848965244,-11.338903559680519,-10.861929116031543,-10.302320802452998,-10.57671677233978,-9.935608052936132,-10.235456879494304,-9.50067884353613,-11.113886610841917,-9.887029703772418,-10.345296965748418,-8.018458838524964
42,20.363636363636363,-11.322574831275888,-10.564807996794837,-10.627225234724065,-9.787277001409949,-17.34384130939422,-13.809282773347284,-11.487816171560437,-9.584668061875849,-11.102016335865901,-11.050079215134895,-12.971263945590051,-11.499363914019005,-11.74177434424859,-9.045619882371035,-11.331897896829268,-10.879577051655902,-10.32861071515719,-10.651050203496741,-9.93545534384006,-10.244439317839747,-9.467272011063006,-11.182168382055146,-9.890942597104338,-10.387749491396296,-8.018207916244906
43,20.848484848484848,-11.294535499323901,-10.575613028378637,-10.632489466025136,-9.787112404943164,-17.297073869983045,-13.868954243329842,-11.53235875067774,-9.576722506739706,-11.10556538739493,-11.07081638530124,-12.97141471851333,-11.619736118484813,-11.693681666068422,-9.043798815135327,-11.323710198453263,-10.895787169162034,-10.351999125345285,-10.729894058476402,-9.935275974164208,-10.251902817160486,-9.435348190122667,-11.248019686292347,-9.894826944405155,-10.426178183434509,-8.018072588173268
44,21.333333333333336,-11.270874255467055,-10.58392110221003,-10.6371448433859,-9.786955246881172,-17.245100070454832,-13.924219341970986,-11.570746578285124,-9.569884720355377,-11.109506540865558,-11.090286744252857,-12.971804870025336,-11.734322385805077,-11.650864638762158,-9.042021948911636,-11.31447220768434,-10.910298641691195,-10.37210970474218,-10.811979710137857,-9.935072830033807,-10.25772728695857,-9.405421046944355,-11.31038095141767,-9.898620245072737,-10.45996470982283,-8.018055031789382
45,21.81818181818182,-11.251971817976315,-10.58959853827104,-10.641116460041935,-9.786808055956023,-17.188756188699784,-13.974188833145728,-11.602361979866348,-9.564264725265433,-11.113776381643113,-11.108177006625713,-12.972428122442189,-11.841278980044569,-11.614012204327215,-9.040317874142652,-11.304332567252105,-10.922877974218192,-10.388618866597213,-10.895986369618063,-9.934849180113961,-10.26181900933463,-9.377972120464689,-11.36824876133103,-9.902261463479363,-10.488565432704075,-8.018155529582037
46,22.303030303030305,-11.238132334146819,-10.592553984490161,-10.644340411194516,-9.786673200524799,-17.128948818867016,-14.018058689035572,-11.626696251775112,-9.55995294929465,-11.118306206391123,-11.124199311401213,-12.973274447399197,-11.938884929564018,-11.58371733222893,-9.038714010029306,-11.293454427766774,-10.933322760573736,-10.401260972316127,-10.980562338319062,-9.934608623015597,-10.264112146943942,-9.353443074185913,-11.420692001308778,-9.905692011057823,-10.511520155740737,-8.018372464504127
47,22.78787878787879,-11.229578486454031,-10.592739886631392,-10.646764822262751,-9.786552850461874,-17.066640283925334,-14.055123027237073,-11.64335784646715,-9.55701877053246,-11.123023128533704,-11.138095853697758,-12.97433022721099,-12.025569718098,-11.560467478299902,-9.037236163345572,-11.282012822564766,-10.941464940235484,-10.409832605685475,-11.064346757244424,-9.934355029392483,-10.264569802343965,-9.332228589644819,-11.466866839988153,-9.908856689013396,-10.52845952884632,-8.018702345991551
48,23.272727272727273,-11.226447909509364,-10.590153253459688,-10.648350683565003,-9.786448942244808,-17.002833151526428,-14.084785468673966,-11.652078672646795,-9.555509401013524,-11.127851251027856,-11.149643032947786,-12.975578473985175,-12.099938554949555,-11.54463674139316,-9.035908113197806,-11.270191851356818,-10.947173502484747,-10.414195845915655,-11.145991503729912,-9.934092479660942,-10.263184611687995,-9.314670015839067,-11.50603030692979,-9.911704576493113,-10.539110991166497,-8.019139866127688
49,23.757575757575758,-11.228790975467753,-10.58483570487106,-10.649072477999265,-9.786363147795713,-16.938554102316058,-14.106568733559739,-11.652718408956272,-9.555449127058417,-11.132712887575295,-11.158655050714612,-12.976999102963891,-12.160794817694631,-11.53647984399159,-9.034751228410023,-11.258181717994708,-10.950356594417999,-10.414280486838035,-11.22418288324181,-9.933825198344435,-10.259978863212217,-9.30104987679404,-11.537552247290204,-9.914189849921355,-10.543303156685287,-8.019677985049766
50,24.242424242424242,-11.236569983520827,-10.576872802212861,-10.648918591622898,-9.786296847579392,-16.87483741025813,-14.120122321008068,-11.645266761798887,-9.556838918497638,-11.137529812624079,-11.164986900258825,-12.978569255695074,-12.207159306284822,-11.536128033627818,-9.033784123691529,-11.246175670020085,-10.95096299889448,-10.410085166548487,-11.297662767213737,-9.933557486099401,-10.255004138609639,-9.291587325645516,-11.560925461249127,-9.916272520318326,-10.540968571890202,-8.02030804422289
51,24.727272727272727,-11.24965976651703,-10.56639267156968,-10.647891500525303,-9.78625110839114,-16.81270830077947,-14.125228148723282,-11.629843630966839,-9.559656413066678,-11.142224520047009,-11.168536699751,-12.980263667833508,-12.238285998742706,-11.543586971062297,-9.033022360119265,-11.234366889239187,-10.948982958639167,-10.401677389320945,-11.365248836806238,-9.933293650516077,-10.248340483061348,-9.286434618383671,-11.575773865044466,-9.917919076737716,-10.53214480112452,-8.021019905759113
52,25.21212121212121,-11.267849704947947,-10.553563942166685,-10.64600773098672,-9.786226666191622,-16.753166454508893,-14.121804062026134,-11.606697180408684,-9.563856276223225,-11.146721470244245,-11.169247331588483,-12.982055075653607,-12.253674054934715,-11.558736639199537,-9.032478194754269,-11.22294538335526,-10.944448333240969,-10.389192439438347,-11.425853606859508,-9.933037936807763,-10.240095117279578,-9.285674663997202,-11.581858542300827,-9.919103025470369,-10.516973822162939,-8.021802115539835
53,25.6969696969697,-11.290847115895028,-10.538593033062252,-10.64329759356419,-9.786223914264976,-16.6971699220417,-14.109905155753351,-11.576199845178513,-9.569370930596921,-11.150948305603729,-11.167107361438994,-12.98391465473295,-12.253075875276382,-11.58133327420811,-9.032160383420965,-11.212094928673482,-10.937432086520028,-10.372831204417905,-11.478501923936701,-9.932794459503747,-10.230400712286317,-9.289319690436669,-11.579081588283426,-9.919805316337976,-10.495699741736027,-8.022642087516875
54,26.181818181818183,-11.318281962407324,-10.52172083178806,-10.639804695383352,-9.786242896890734,-16.645619708546935,-14.089722887761075,-11.5388423388165,-9.576111643334546,-11.15483701476226,-11.16215122222331,-12.985812483748038,-12.23650108470233,-11.611013287771936,-9.032074039822675,-11.201990113071426,-10.928047112512537,-10.352856942655736,-11.522346656907754,-9.932567136244996,-10.219413254686891,-9.297311047862188,-11.567487685221923,-9.920014649217585,-10.468664867761564,-8.02352630622669
55,26.666666666666668,-11.349712807534534,-10.503218818378524,-10.635585238483463,-9.786283308631338,-16.599345276256955,-14.061581998296305,-11.495225757584357,-9.583969953844841,-11.158325026933786,-11.154458660076683,-12.98771802591959,-12.204216377797474,-11.647299117362406,-9.032220553260215,-11.192793526814752,-10.91644441896343,-10.329591047500724,-11.556682327606397,-9.932359624747837,-10.207309536787104,-9.309520152341308,-11.547263383356624,-9.919727655864802,-10.436304201481986,-8.02444054425924
56,27.151515151515152,-11.384633917212787,-10.483384697155419,-10.630707115505546,-9.786344499246757,-16.55909119810961,-14.025935284804742,-11.446051908601477,-9.592819418970032,-11.161356218696769,-11.144153451203676,-12.989600620360743,-12.156741227581325,-11.689606910398231,-9.032597566277532,-11.184653146418961,-10.902810697555248,-10.303407875915235,-11.580956462237928,-9.932175263949942,-10.19428431193885,-9.325750554812625,-11.518734099275271,-9.918948954110105,-10.399138438131574,-8.02537009118235
57,27.636363636363637,-11.42248339771505,-10.462537606553893,-10.62524881727438,-9.786425484157082,-16.525505177290928,-13.983356316250399,-11.39211201750565,-9.602517647503559,-11.163881817041052,-11.131401410272693,-12.991429975422218,-12.094839526992628,-11.737255918652032,-9.033199012594046,-11.177699953651883,-10.887365319969073,-10.274728724931444,-11.594778480889385,-9.932017020285558,-10.18054716088578,-9.345741102024714,-11.482358879838342,-9.917691073556224,-10.357765588755209,-8.026299990238057
58,28.12121212121212,-11.462652236731525,-10.441012984065598,-10.619298169851763,-9.786524960284789,-16.499127625448423,-13.93453020417626,-11.334273997336384,-9.612908591317897,-11.165861184143846,-11.116407722395888,-12.993176656096276,-12.01950729756604,-11.78947945174415,-9.034015214713381,-11.172045827987983,-10.870356808112064,-10.244015052824388,-11.597925982106553,-9.931887439954485,-10.16631911953068,-9.3691701385897,-11.438723015943218,-9.915974253972147,-10.312851357986801,-8.02721527900246
59,28.606060606060606,-11.5044941026057,-10.419157168923858,-10.612950921382275,-9.786641327021748,-16.480382967265378,-13.880242579003086,-11.273468483489191,-9.623825056237344,-11.167262471247515,-11.099413641623913,-12.994812557637019,-11.931956663072784,-11.845437213477858,-9.035033039637899,-11.167781746425753,-10.852058835306941,-10.211761054075579,-11.590348321416617,-9.931788607952756,-10.151829122385058,-9.395660682538866,-11.388528624974551,-9.91382611962765,-10.26511843261254,-8.028101230136715
60,29.090909090909093,-11.547335744052639,-10.397321829375777,-10.606309201469811,-9.786772711983598,-16.469572811308794,-13.821366948941858,-11.210673859443716,-9.635091392254893,-11.168063131118004,-11.080692609077929,-12.996311357776278,-11.833596345995417,-11.904228822519721,-9.036236110183555,-11.164976319633736,-10.832765822785772,-10.178485707598792,-11.572167426216687,-9.931722114524275,-10.137310318927145,-9.42478649110364,-11.332583353472716,-9.911281234808468,-10.21533485326996,-8.028943588355423
61,29.575757575757578,-11.59048782302419,-10.37585830420849,-10.599479877874012,-9.786917001137121,-16.466871097034677,-13.75885064491967,-11.146900514207289,-9.646526319806602,-11.168250280838281,-11.0605458531796,-12.997648940258754,-11.726009000655763,-11.964908299872302,-9.037605068494914,-11.163674687979197,-10.812788202342139,-10.144724426175083,-11.543675833916339,-9.931689029573198,-10.12299632213953,-9.456078919121307,-11.27178738179864,-9.908380547663988,-10.164301656386593,-8.029728799799518
62,30.060606060606062,-11.633256006416222,-10.35511194957656,-10.592572836968015,-9.787071872815826,-16.472321296037048,-13.693699577670493,-11.083174584777575,-9.65794584662763,-11.167820909099287,-11.039297542773035,-12.998803782881597,-11.610925747714413,-12.026499290030335,-9.039117887520291,-11.163897795202706,-10.792447421367369,-10.1110204414607,-11.505331984901181,-9.931689885448773,-10.109117449588801,-9.489034459711107,-11.20711893989483,-9.905170731336204,-10.112839985203976,-8.030444230122932
63,30.545454545454547,-11.67495213814818,-10.335416582092174,-10.585699215625567,-9.787234835076427,-16.48583571257374,-13.626962052254914,-11.020521445214163,-9.669166228256659,-11.166781924653034,-11.017289571126733,-12.999757303794699,-11.490198319791272,-12.088010770906305,-9.040750225435263,-11.165642051425522,-10.772070770641683,-10.077916063186397,-11.457752846055445,-9.93172466837964,-10.095897017529698,-9.523122845888421,-11.139618567199397,-9.901703432971386,-10.061777877275517,-8.031078367783945
64,31.03030303030303,-11.714905311852037,-10.317089107590885,-10.578969612987128,-9.787403265795147,-16.507196894623714,-13.559711900439286,-10.959949207986103,-9.680006924553059,-11.165150045148195,-10.994876054742916,-13.00049416048963,-11.36576926639454,-12.148452999746809,-9.04247581731173,-11.168879390912075,-10.751986118103021,-10.045943953190845,-11.401703983533855,-9.931792818695422,-10.083547747662962,-9.557795582759068,-11.070372369976994,-9.89803444269817,-10.011936941032296,-8.031621009270212
65,31.515151515151516,-11.752472666006888,-10.3004244219981,-10.5724923108783,-9.787574454858673,-16.536061132771476,-13.49303120234064,-10.902432503064912,-9.69029350465533,-11.162951528136876,-10.972417635490437,-13.001002496666338,-11.239640697571943,-12.206853438463954,-9.044266897730445,-11.173557723658167,-10.732516633329185,-10.015618554692262,-11.338087244515627,-9.931893239832027,-10.07226834436356,-9.59249477300746,-11.00049454546244,-9.894222795943493,-9.96411913579584,-8.032063423277087
66,32.0,-11.78704972782148,-10.285690666343235,-10.566371531514715,-9.787745647770889,-16.571963990620237,-13.427992875352528,-10.848896795763483,-9.699860453638966,-11.160221748580781,-10.950275677742116,-13.001274133005449,-11.113842069210603,-12.262272402137253,-9.046094647537002,-11.179601773538634,-10.713975587618362,-9.987427814704454,-11.267926246145754,-9.932024315975774,-10.062240297452888,-9.626662093673259,-10.931109454010128,-9.890329823530486,-9.919093867952446,-8.032398491197585
67,32.484848484848484,-11.818080139427689,-10.273124912270191,-10.56070576052758,-9.787914089973754,-16.614327777747384,-13.365643410502535,-10.800203495652767,-9.708553835713543,-11.157004629654827,-10.928806453886713,-13.001304698776579,-10.990397528332114,-12.313818178895758,-9.047929657552814,-11.186914289528378,-10.696661313336666,-9.961825332786697,-11.192349905151962,-9.932183938062446,-10.053624961959628,-9.659747779776817,-10.86333352771503,-9.886418164842562,-9.877585610916402,-8.032620821663437
68,32.96969696969697,-11.845064609886903,-10.262929347465844,-10.55558616229299,-9.78807707116917,-16.662470844959657,-13.306986034019895,-10.757136096159316,-9.716233771107214,-11.153351936006823,-10.908355411772812,-13.001093702165033,-10.87129334380924,-12.360661377895859,-9.049742401779815,-11.19537761050777,-10.680852403638687,-9.939223062457044,-11.112574273151969,-9.932369537712912,-10.046560961856912,-9.69121947024348,-10.798257306602366,-9.882550759932293,-9.840262248081553,-8.032726837294222
69,33.45454545454545,-11.867568948968104,-10.255268022384492,-10.551095113063,-9.78823196892869,-16.715618552283807,-13.252964565049922,-10.720387567862765,-9.722776686784604,-11.14932244084491,-10.889251616323639,-13.000644538185272,-10.758445946556233,-12.402048274530436,-9.05150371248481,-11.204855558474105,-10.666803229799347,-9.919984682705996,-11.029882969927739,-9.932578128559323,-10.041161959550724,-9.720570773792579,-10.73692789143037,-9.878789836792404,-9.807724326327477,-8.032714832258755
70,33.93939393939394,-11.885231053431239,-10.250264210614619,-10.5473048755009,-9.788376290889383,-16.772915733213765,-13.204448229250657,-10.690549208339789,-9.728077304783193,-11.14498098025464,-10.871802454759255,-12.999964434053872,-10.653671093438001,-12.437312938139936,-9.05318524951923,-11.215195629696645,-10.65473984828487,-9.904419746265411,-10.945606529502681,-9.932806354296874,-10.03751482700922,-9.747329416962687,-10.680332095447113,-9.875195910084075,-9.780495392995396,-8.032584999722548
71,34.42424242424242,-11.897766733403893,-10.247998425360722,-10.544276435947891,-9.788507714856875,-16.833440454659822,-13.162217672626634,-10.668101127964759,-9.732050336175163,-11.140397409962082,-10.856288690621122,-12.999064332900895,-10.558654651062474,-12.46588794708596,-9.054759956322727,-11.226231448558732,-10.644856363419605,-9.892778698789172,-10.86110099135114,-9.933050542688015,-10.035678247960258,-9.77106484316841,-10.629380566195948,-9.871826807433386,-9.759013571815455,-8.032339428739713
72,34.90909090909091,-11.904974285102718,-10.248507123955706,-10.542058523130041,-9.78862412617033,-16.896218851197194,-13.126952400642454,-10.653404524754084,-9.734631853398158,-11.135645481329053,-10.84295994618162,-12.997958717690835,-10.474925469555775,-12.487313518777848,-9.05620249527336,-11.237785444603745,-10.637311804174804,-9.885248849088864,-10.777726081215645,-9.933306764650123,-10.035681773648236,-9.791395140517018,-10.584893132855639,-9.868736738963173,-9.74362451333191,-8.03198207063929
73,35.3939393939394,-11.906737736322818,-10.251782121248752,-10.540686824094841,-9.788723651728139,-16.960240794925227,-13.09921984472549,-10.646695872554929,-9.735780318873697,-11.130801654666087,-10.832030685928242,-12.996665378186297,-10.403830782791395,-12.501244907746658,-9.057489655379417,-11.249671709710217,-10.632227565332936,-9.881951355264874,-10.696823332610707,-9.933570897475914,-10.037525347343516,-9.807993186913759,-10.547585614881987,-9.865975425031854,-9.73457583325648,-8.031518675446884
74,35.87878787878788,-11.903028712473931,-10.25777072130746,-10.540183409993247,-9.788804690126822,-17.02447614880346,-13.079466232081804,-10.648083116092486,-9.735477253362365,-11.12594386895742,-10.823676765749708,-12.995205124704054,-10.346514530892849,-12.50745795272883,-9.058600725752955,-11.261698989423095,-10.629685454200192,-9.882939275227212,-10.619694501046387,-9.933838691169347,-10.04117930525522,-9.820591913578822,-10.518058304204825,-9.863587296214245,-9.732013128238844,-8.030956699364612
75,36.36363636363637,-11.893906893138219,-10.26637656531512,-10.540556380946601,-9.788865937428206,-17.087891341942232,-13.068009405733374,-10.657543934098936,-9.73372753330169,-11.121150287793562,-10.81803260334888,-12.993601453269264,-10.303898953808854,-12.50585268350482,-9.059517828855752,-11.273673760309531,-10.62972637429631,-9.888196712973865,-10.54758061829484,-9.934105836829648,-10.04658485383273,-9.82898860228398,-10.496786306306156,-9.861610778396994,-9.735977633162056,-8.030305184798005
76,36.84848484848485,-11.87951905180344,-10.277461182020152,-10.541799735712646,-9.788906408140283,-17.149466000145203,-13.06503371030487,-10.674926098471007,-9.730559312342436,-11.116498041689859,-10.81518901541162,-12.991880167555632,-10.276669752127342,-12.496454929457355,-9.060226208155571,-11.285403343823344,-10.63234966720162,-9.897639074363433,-10.481642023724529,-9.934368035983141,-10.053655015775933,-9.833048147164764,-10.484111895595092,-9.860077674491665,-9.746405557657834,-8.029574614860326
77,37.333333333333336,-11.860096694222591,-10.290846215790374,-10.543893468247761,-9.788925451074151,-17.208209364112125,-13.070587025849658,-10.69994992367714,-9.72602356834582,-11.112061987027637,-10.815191756332299,-12.990068963694629,-10.265265053896304,-12.479415903967,-9.06071446556431,-11.296699006574961,-10.63751312315128,-9.911114428266512,-10.422939694005445,-9.934621069747294,-10.062276029532526,-9.8327052286244,-10.480239008084498,-9.859012652713997,-9.76312911251747,-8.028776744695353
78,37.81818181818182,-11.835952333399684,-10.306316296421892,-10.54680388961169,-9.78892275982187,-17.26317623112687,-13.084579997441804,-10.732212767002393,-9.720193283130655,-11.107913501586994,-10.818040782008476,-12.988196984634385,-10.269868364979493,-12.455009771332259,-9.060974744837486,-11.30737899712231,-10.645133660206177,-9.928405951194463,-10.3724181715973,-9.934860866714121,-10.072309179763993,-9.827965364350566,-10.485229959984187,-9.858432849663068,-9.785879209483003,-8.027924412332716
79,38.303030303030305,-11.80747446113852,-10.323622504526297,-10.550484170035206,-9.788898377686703,-17.313482163722966,-13.106787472930279,-10.771195507220437,-9.713162268168551,-11.104119336051609,-10.823690250550523,-12.986294351218733,-10.290405616378386,-12.423629235363373,-9.06100285798416,-11.317271470419552,-10.655088661072442,-9.949235416070495,-10.330890366707791,-9.935083568460664,-10.08359302932731,-9.818904820533746,-10.499004445009788,-9.858347594587011,-9.814289790978021,-8.027031332119188
80,38.78787878787879,-11.775121297064144,-10.342486376736812,-10.554875092428626,-9.788852696986327,-17.3583177206135,-13.136852125721365,-10.816270897448428,-9.705043655122227,-11.100740539965246,-10.832049259894786,-12.984391677531558,-10.326546356030091,-12.385779220631024,-9.060798352653281,-11.326217252868204,-10.667217946059596,-9.973267669007484,-10.299024477263043,-9.93528559163245,-10.095946016859033,-9.80566938471566,-10.521340826540921,-9.858758259271914,-9.8479037201111,-8.02611187404972
81,39.27272727272727,-11.739413415697543,-10.362604386288098,-10.559906005206946,-9.788786452740311,-17.396961480904423,-13.174290204297298,-10.866713657784148,-9.695968075514708,-11.097831479421751,-10.842983310451817,-12.982519578304732,-10.377709065904746,-12.342068748040969,-9.060364519412175,-11.334072403479915,-10.681326350431739,-10.000116022059474,-10.277333237352844,-9.935463685601025,-10.109169378165571,-9.788472020013153,-10.551879703837383,-9.85965823596927,-9.886180136179501,-8.025180832548838
82,39.75757575757576,-11.700925370216739,-10.38365282687553,-10.565495959100302,-9.788700710843374,-17.42879165202682,-13.218499315959283,-10.921712145331133,-9.686081558819215,-11.09543896229424,-10.85631646925512,-12.980708176315611,-10.4430705188483,-12.293201135459691,-9.059708338800094,-11.340710529940859,-10.697186864681203,-10.029348475175494,-10.266165667147217,-9.935614984767764,-10.123050344413496,-9.767589438461922,-10.590129694931601,-9.861033043717123,-9.928503157320353,-8.024253188422815
83,40.24242424242424,-11.660276447681067,-10.405293021210818,-10.571555009658011,-9.788596850914733,-17.45329607461207,-13.268768119551508,-10.980381413836707,-9.675543182790284,-11.093601485078906,-10.871834200788435,-12.97898661770028,-10.52157902461559,-12.239962681066647,-9.058840369008719,-11.346024822311374,-10.714544287196517,-10.060494667242075,-10.26570145703122,-9.935737054672437,-10.137365565659696,-9.743357648616279,-10.635475343148428,-9.862860561344167,-9.974191790280367,-8.023343867812894
84,40.72727272727273,-11.618120704470586,-10.427176770466351,-10.57798566448847,-9.788476544099517,-17.470080463327836,-13.324287771206631,-11.041777452808452,-9.664522513843139,-11.092348613471982,-10.889286818942505,-12.977382602981303,-10.611971351960069,-12.18321001152222,-9.057774575996905,-11.349929771637873,-10.73311933055186,-10.093053444369652,-10.275948076319391,-9.935827931164585,-10.151884704635584,-9.716166549045731,-10.687187020033438,-9.86511138340767,-10.022510887852205,-8.022467502028078
85,41.21212121212121,-11.575136442274061,-10.44895195692468,-10.584684451948212,-9.788341726179421,-17.47887475107663,-13.384164938946382,-11.104912376996417,-9.653196878666597,-11.091700506646623,-10.90839350455805,-12.975921941355955,-10.712793054497446,-12.123856298524084,-9.056528108773183,-11.352362545823922,-10.752613115346291,-10.126500923646235,-10.29674065307168,-9.935886152007429,-10.166374142959969,-9.68645365472104,-10.744432665347881,-9.867749293338065,-10.072682977668242,-8.021638192121907
86,41.696969696969695,-11.5320152939609,-10.4702682096844,-10.591543586039394,-9.788194566425245,-17.479537434476548,-13.447436176727509,-11.168770321836593,-9.64174851097027,-11.091667592884257,-10.92884682391115,-12.974628135416566,-10.822421873292459,-12.062856565532751,-9.055121023461782,-11.353284000622187,-10.772711979285194,-10.160298922609595,-10.327744626944684,-9.935910780405813,-10.180600740146254,-9.654697057234568,-10.806291175229408,-9.870731846177097,-10.123900772022,-8.020869282001211
87,42.18181818181818,-11.489451094949358,-10.490782542259117,-10.598452700726858,-9.788037432692523,-17.472057850703603,-13.51308342664925,-11.232323789092018,-9.630361619275957,-11.092250401779642,-10.950317675436946,-12.973522002985025,-10.939093839612417,-12.001192321086599,-9.053575960592088,-11.352679309480026,-10.793092524124017,-10.193903618804518,-10.368461132392804,-9.935901420079587,-10.19433558492015,-9.621407732127587,-10.871767223098004,-9.874011051533106,-10.175340157429535,-8.020173143717665
88,42.66666666666667,-11.448128719134946,-10.5101648713584,-10.605300625768932,-9.787872853321833,-17.45655634906061,-13.580050399886087,-11.294550179684052,-9.619219422933568,-11.093439555719486,-10.972460585097028,-12.972621342146224,-11.060931657844437,-11.939855765962058,-9.05191778080405,-11.350558202104276,-10.813426819267084,-10.226774300089701,-10.418235025601634,-9.935858221639906,-10.207357678487769,-9.58712131710254,-10.93980727483327,-9.877534145764377,-10.226173454923906,-8.019560978396841
89,43.151515151515156,-11.408713059013074,-10.528103328051492,-10.611977175488246,-9.78770347645686,-17.4332823545118,-13.647259572770324,-11.354448247694336,-9.608501204053209,-11.09521592077175,-10.994919265186022,-12.971940644870209,-11.185974911884587,-11.87983382829171,-9.05017316483118,-11.346954807906625,-10.833387678293633,-10.258382064898507,-10.47626542599716,-9.935781880165834,-10.219457490488935,-9.552389493411905,-11.00931654053278,-9.881244440965903,-10.275582737719573,-8.019042636007912
90,43.63636363636364,-11.371838327309897,-10.544309275855145,-10.61837492170053,-9.787532027434766,-17.402610354341824,-13.713629524551274,-11.411054210786437,-9.598379422788899,-11.09755091455778,-11.017332347134149,-12.971490863830962,-11.312211608966868,-11.822092283521194,-9.048370184197559,-11.341927106848603,-10.852653923509811,-10.28821833246316,-10.54161860271401,-9.935673624020268,-10.230440330419126,-9.517771109100318,-11.079176590091434,-9.885082237098983,-10.322772991960557,-8.018626456873948
91,44.121212121212125,-11.338097852262147,-10.558521955002695,-10.624390922274305,-9.787361264934495,-17.365033872515117,-13.778092337859972,-11.463457257824423,-9.589016942390156,-11.100406966153484,-11.039339196062786,-12.971279236173777,-11.437610553379985,-11.767560214720737,-9.046537849536502,-11.335555996522295,-10.870915553817994,-10.315803026069688,-10.613242998674608,-9.935535195085112,-10.240129480272566,-9.48382318693034,-11.148263349160539,-9.888985782587202,-10.366984908791,-8.018319137473007
92,44.60606060606061,-11.308034530743695,-10.5705126781663,-10.629928377508321,-9.787193936588599,-17.3211575286906,-13.839610781899362,-11.510814204164973,-9.580564408671332,-11.103738120619553,-11.060585713534664,-12.971309167066877,-11.560154029166684,-11.717115063290793,-9.044705643798626,-11.327943990477802,-10.887878732750496,-10.340692297671945,-10.68998615053618,-9.935368820733753,-10.248369038001094,-9.451091961677706,-11.215465185924844,-9.89289226792241,-10.40750710191888,-8.018125622689292
93,45.09090909090909,-11.282132092851635,-10.580088510121675,-10.634898187674978,-9.787032734772803,-17.271687309664998,-13.89719500187614,-11.552363058813947,-9.573157826064072,-11.107490778433652,-11.080730035130271,-12.971580174910988,-11.677870265928835,-11.671568510601421,-9.04290304786011,-11.319213568741844,-10.90327051640832,-10.362485669572845,-10.770613232257373,-9.935177177991786,-10.255026426036473,-9.420104091009277,-11.279700797674584,-9.896738836293212,-10.443687554087758,-8.018049026248113
94,45.57575757575758,-11.260807318507924,-10.587095372148053,-10.639220386668303,-9.786880253284664,-17.217419209781045,-13.949918446134893,-11.58743528514671,-9.566916369255091,-11.111604557926785,-11.099448031174342,-12.97208789908845,-11.78886516535122,-11.631653417735224,-9.041159066164392,-11.30950520706829,-10.916843245230679,-10.380832478260405,-10.853826923911472,-9.934963350462667,-10.259994524513097,-9.391358181364062,-11.339936609370849,-9.900463594974605,-10.474944108278502,-8.018090580614881
95,46.06060606060606,-11.244403331314434,-10.591420521212493,-10.64282542868853,-9.786738945608409,-17.159226423080508,-13.996932774721087,-11.615466557912686,-9.561940465620868,-11.116013266846966,-11.116438522103662,-12.972824170127186,-11.891352777952482,-11.598012033478167,-9.039501760029793,-11.298975116630675,-10.928378528930024,-10.395437516714928,-10.938288286049684,-9.934730778711383,-10.26319339486673,-9.36531676518895,-11.395203404254866,-9.904006611205086,-10.500773834833652,-8.018249617164281
96,46.54545454545455,-11.233184077565753,-10.592994364047478,-10.645655307260048,-9.786611085437444,-17.09804529328519,-14.0374815094885,-11.636005843439891,-9.558310179313544,-11.12064596741732,-11.131428124558985,-12.97377714115057,-11.983684039680815,-11.57118566029621,-9.037957796132412,-11.287792730525961,-10.937690760473536,-10.406065784400454,-11.022638303738074,-9.934483204904476,-10.264571566075919,-9.342398858618502,-11.44461191890847,-9.907310876527218,-10.520761123783881,-8.018523576938698
97,47.03030303030303,-11.227330079254491,-10.591791576932643,-10.647664488577309,-9.786498730089782,-17.034860247675944,-14.070912206115779,-11.648722656935545,-9.556083922998763,-11.125428117751468,-11.144175650225623,-12.9749314784981,-12.064373305971873,-11.551605944575993,-9.036552017429322,-11.276137977532567,-10.944630102569754,-10.412546268511353,-11.105519753616584,-9.93422461259717,-10.264106862850008,-9.322973219348487,-11.487367151835377,-9.910323224075057,-10.534584372167968,-8.018908051822807
98,47.515151515151516,-11.226935529404857,-10.587831513162916,-10.648820644160804,-9.786403687405029,-16.97068795728922,-14.096686952179793,-11.653412380110113,-9.555297517974003,-11.130282771260394,-11.154475986643709,-12.976268608449743,-12.13212225632594,-11.53958793127289,-9.035307043426096,-11.26419838698898,-10.949084898606683,-10.414774695632385,-11.185599042130956,-9.933959162636494,-10.261806762437857,-9.307352413186525,-11.522781155332869,-9.912995184048917,-10.54202115874484,-8.019396855471802
99,48.0,-11.232006776471625,-10.581177891646757,-10.649105171034401,-9.786327486655559,-16.90656097829948,-14.114391022367899,-11.649999553562173,-9.555963617790491,-11.135131814751855,-11.162163397544463,-12.977767016084035,-12.18584078477079,-11.535324994719758,-9.034242906220484,-11.252166071376493,-10.950983469248495,-10.41271520953699,-11.261587663552245,-9.933691126211684,-10.257708274316112,-9.295787784751226,-11.550284104827849,-9.915283763612605,-10.5429518228346,-8.01998212285199
